title,subtitle
Coronavírus: as respostas para as perguntas mais buscadas pelos brasileiros no Google,"Buscador compilou as principais dúvidas pesquisadas desde 26 de fevereiro, quando foi registrado oficialmente o primeiro caso no país."
"O caso de Gabriel Fernandez, o menino de 8 anos torturado e morto pela mãe e o padrasto retratado em série da Netflix","Era difícil não ver os sinais dos abusos sofridos por Gabriel Fernandez, mas mesmo assim as autoridades não foram capazes de impedir sua morte. A série de documentários da Netflix ""The Trials of Gabriel Fernandez"" conta os detalhes do caso."
Como comoção causada por morte de filho fez pais descobrirem sua vida secreta,"Mats Steen morreu aos 25 anos por causa de grave doença degenerativa; pais achavam que filho teve vida solitária; mas quando anunciaram sua morte, não tinham ideia das reações que isso provocaria; história é contada em podcast da série 'Que História!'."
Coronavírus: os robôs usados para eliminar vírus em hospitais,A pandemia de covid-19 elevou a demanda por robôs equipados com poderosas luzes ultravioletas que podem matar micro-organismos. Mas eles são eficazes no combate ao Sars-Cov-2?
Coronavírus: como funcionam os respiradores e por que eles são chave na luta contra a covid-19,"Eles são 'última esperança' para pacientes em estado grave, mas nem os países mais ricos têm a quantidade necessária projetada; por isso, montadoras e outras empresas foram cooptadas em esforço de produção."
Coronavírus: quem está ganhando dinheiro com a epidemia,"Apesar da queda nas bolsas de valores, do declínio da atividade comercial e dos alertas sobre um corte no crescimento econômico global, algumas empresas se beneficiaram com a disseminação do vírus."
Coronavírus leva governo de Israel a se dar 'poderes especiais' de espionagem,Medida do governo permite que as agências de segurança rastreiem os dados do celular de possíveis infectados.
Por que seu próximo colega de trabalho pode ser um robô,"Avanço de tecnologia está permitindo que robôs desempenhem tarefas cada mais parecidas às dos humanos, revolucionando antigos paradigmas do mercado de trabalho."
A indústria de robôs sexuais é uma ameaça à sociedade?,Pesquisadores pedem mais regulamentação para venda de robôs sexuais com inteligência artificial.
‘Somos cada vez menos felizes e produtivos porque estamos viciados na tecnologia’,"A jornalista espanhola Marta Peirano escreveu um livro sobre como as novas tecnologias nos viciam, 'sugam' outros prazeres da vida e, ao mesmo tempo, são uma poderosa arma de informação e controle para empresas e governos."
"Atherton, a cidade mais rica dos EUA, onde a casa mais barata vale R$ 11 milhões","A renda média de uma família que vive no município próximo às maiores empresas do Vale do Silício é superior a US$ 525 mil (R$ 2,3 milhões) por ano, de acordo com dados da empresa imobiliária Zillow."
Você comeria um 'filé' fabricado por uma impressora 3D?,"Quase 20 anos depois de ela ter surgido, tecnologia tem sido usada em cada vez mais diferentes setores, incluindo o da construção e o de alimentos."
"O empresário que perdeu US$ 1,8 bilhão quase da noite para o dia","O pioneiro na área de tecnologia Andrew Rickman perdeu uma fortuna na bolha da internet em 2000, mas reconstruiu sua carreira."
O inseto que pode substituir cães farejadores na detecção de explosivos,"Treinar cachorros para encontrar explosivos é uma tarefa que leva tempo e é custoso. Por isso, equipe de investigadores dos Estados Unidos descobriu outro animal que pode fazer a mesma tarefa."
"Telas de novos celulares dobráveis formam bolhas e rachaduras, mostram testes",Críticos encontram mais problemas de durabilidade nos novos aparelhos da Samsung e da Motorola.
Como a manobra pioneira que uniu 2 satélites em órbita pode transformar as missões espaciais,"Um satélite de telecomunicações quase sem combustível poderá seguir operando depois de acontecer o acoplamento espacial com outro satélite, que se carregará de auxiliá-lo em suas funções."
O método revolucionário que revelou um antibiótico capaz de matar as bactérias mais perigosas,"Uma equipe de pesquisadores encontrou um novo antibiótico, considerado um dos mais poderosos até o momento, usando inteligência artificial para analisar as estruturas de 2.500 medicamentos e sua eficácia no combate a bactérias."
30 anos do 'Pálido Ponto Azul': a icônica foto que mudou a forma como vemos nosso planeta,"Nasa usou técnicas e programas modernos para aprimorar o registro feito pela sonda Voyager, que nos permite ter uma real noção do lugar que ocupamos no Universo."
Como apps de entrega estão levando pequenos restaurantes à falência,"Após levantar US$ 500 milhões, maior aplicativo de entrega de comida do país investe em promoções agressivas, impede acesso a clientes e monopoliza dados estratégicos."
O que explica a incrível ascensão e o vertiginoso declínio dos patinetes no Brasil,"Os patinetes elétricos chegaram a várias cidades do país prometendo ser uma alternativa moderna e sustentável de transporte; mas, em pouco tempo, as principais empresas do mercado anunciaram que estavam indo embora ou reduzindo drasticamente sua operação. O que houve?"
Por que cientistas de renome cada vez mais defendem a busca por vida extraterrestre,"Cada vez mais, astrônomos de renome acreditam que os fundos públicos devem ser alocados para a busca de vida inteligente no universo. O que aconteceu para que esse campo de pesquisa começasse a ganhar destaque?"
Os laptops estão a caminho do desaparecimento?,Usuários estão sendo forçados a comprar novos laptops porque seus sistemas estão se tornando obsoletos ao mesmo tempo em que smartphones e tablets ganham espaço entre as preferências do cliente. Chegou o fim dos laptops?
O que é o 'desafio da rasteira' e por que pânico dos pais pode aumentar risco para crianças,"Vídeos com comportamento de risco causam preocupação, mas também geram desinformação e excessos em grupos de WhatsApp."
Mãe 'encontra' filha morta com ajuda de realidade virtual em programa de TV,"Um documentário em que uma mulher sul-coreana ""reencontra"" a filha que morreu aos 7 anos de idade foi assistido por milhões de pessoas. Mas esse tipo de simulação pode ajudar a lidar com as perdas?"
Google Maps: 5 novas funções lançadas pelo aplicativo para comemorar seu 15º aniversário,"Entre as novidades, estão recursos para otimizar a rota do usuário para o trabalho e a recomendação de atrações locais, como museus e restaurantes."
As 4 empresas de tecnologia que já valem mais de US$ 1 trilhão,"Até o fim de janeiro, três gigantes da tecnologia estavam na lista, mas agora a Amazon também faz parte deste clube exclusivo."
Hamas consegue hackear dezenas de soldados israelenses com mensagens de mulheres falsas,Aplicativo invasor permitia usar o celular para fazer gravações e fotos sem que o dono percebesse.
"O que faz da Tesla, de Elon Musk, a 2ª montadora de carros mais valiosa do mundo",O valor de mercado da montadora americana triplicou nos últimos três meses.
Plague Inc: Jogo com missão de espalhar doenças no mundo domina ranking dos mais baixados após coronavírus,"Criado há oito anos, o Plague Inc. tem como mote fazer o jogador espalhar uma doença infecciosa e mortal pelo mundo — enquanto escapa de cientistas e governos tentando contê-la."
Por que pescadores chineses estão encontrando tantos submarinos espiões?,Dispositivos encontrados na província de Jiangsu geram recompensas milionárias para pessoas comuns e até cerimônia de comemoração. Por quê?
Por que a Suécia está deportando talentosos profissionais da tecnologia,"Retenção de trabalhadores estrangeiros altamente qualificados é essencial para países como a Suécia, mas não é isso que tem acontecido."
Os coachs que usam drogas psicodélicas para ajudar clientes a mudar de carreira,"Seguindo a popularidade da microdosagem de psicodélicos 'para aumentar a produtividade', alguns executivos do Vale do Silício estão recorrendo a essas substâncias para melhorar a carreira."
De balões bombardeiros no século 19 às maquinas mortais usadas hoje pelos EUA: a história dos drones na guerra,O termo drone passou a descrever os veículos aéreos de guerra sem piloto em meados do século 20. Mas foi o desenvolvimento rápido da tecnologia nas últimas décadas que permitiu que se tornasse uma das mais controversas armas de guerra hoje.
Fuga de cérebros: os doutores que preferiram deixar o Brasil para continuar pesquisas em outro país,"Comunidade acadêmica aponta espécie de diáspora que vem preocupando comunidade científica nacional, por causa das consequências disso para o desenvolvimento do Brasil."
WhatsApp: os celulares em que o app não funcionará mais a partir de fevereiro,O aplicativo de mensagens ficará obsoleto em sistemas operacionais mais antigos a partir de 1º de fevereiro.
Como decisão do Reino Unido de permitir atuação da Huawei no 5G afeta o mundo,"Índia, Alemanha e Brasil estão entre os países que ainda vão decidir se devem usar o kit 5G da empresa chinesa; decisão britânica desagradou aos aliados americanos."
O telescópio capaz de ver coisas que ocorreram há 13 bilhões de anos,"Cientistas afirmam que o Telescópio Espacial James Webb vai nos permitir olhar para o passado, para centenas de milhões de anos após o Big Bang."
A postagem que quase arruinou a vida de uma mulher — e o que ela revela dos perigos da internet,"Corretora de imóveis levava vida tranquila com a família no Alabama, até dia em que foi 'denunciada' como 'destruidora de lares'; ela narra calvário que enfrentou — e as supreendentes descobertas que fez — em podcast da série 'Que História!', da BBC News Brasil."
'Sharenting': quando a exposição dos filhos nas redes sociais não é necessariamente algo ruim,"'É irônico que tanto de nossa energia seja gasta em como nossos filhos usam as redes sociais e quanto tempo eles passam na internet, e raramente focamos em nosso próprio comportamento', opina acadêmica americana."
Por que ‘constelação de satélites’ preocupa astrônomos que investigam mistérios do Universo,"Lançamento de satélites está próximo de se multiplicar, mas os cientistas dizem que esse movimento pode atrapalhar a astronomia."
Como transportar um foguete? As fotos que mostram megaoperação na Nasa,"A principal parte do mega-foguete SLS, que vai possibilitar a próxima missão à Lua e possivelmente a ida à Marte, deixou a fábrica em Nova Orleans e já está sendo testado."
CES 2020: as sensações da feira de tecnologia mais importante do mundo,A BBC selecionou tudo aquilo que dará o que falar: de sapatos que se adaptam ao solo a bicicletas que percorrem a superfície da água.
"O que é jejum de dopamina, moda no Vale do Silício que promete melhorar produtividade",O polo americano não é conhecido apenas por lançar tendências na área de tecnologia. Muitas vezes está entre as primeiras a adotar novas - e muitas vezes não cientificamente testadas - estratégias para melhorar a saúde e o bem-estar.
Como um robô me ajudou a superar a dor da morte de um amigo por câncer,"Há muitos aplicativos de saúde mental no mercado, mas o quanto eles ajudam de fato?"
"YouTube promove vídeos com desinformação sobre mudança climática, mostra estudo","Vídeos recomendados pela plataforma incluem dados falsos ou enganosos sobre clima, e são acompanhados por anúncios de grandes empresas globais, segundo relatório da Avaaz."
"Tendências para 2020: novas espaçonaves, telas dobráveis e avanço do 5G","Celulares dobráveis são uma grande aposta do mercado, que investiu o equivalente a mais de R$ 20 bilhões no desenvolvimento das telas flexíveis."
O alimento 'feito de ar' que pode competir com a soja e a carne,Pesquisadores finlandeses dizem que proteína feita em laboratório reduzirá impactos ambientais da produção de alimentos.
As maiores notícias sobre ciência e meio ambiente de 2019,É possível que o ano fique marcado como aquele em que pessoas começaram a agir contra a emergência climática.
"O inventor que perdeu milhões ao não renovar patente do relógio digital, 'copiado' pelos japoneses","O engenheiro Thomas Bromley, um inventor amador, projetou um dos primeiros modelos deste tipo de relógio do mundo, mas não manteve o registro por questões financeiras."
Câncer de mama: inteligência artificial bate médicos em diagnósticos,Algoritmo superou seis radiologistas e se mostrou tão eficiente quanto dois médicos trabalhando juntos na leitura das mamografias.
'Que História!': BBC News Brasil lança seu primeiro podcast em 10 de janeiro,"Temporada terá 10 histórias reais incríveis de vários cantos do mundo; primeiro episódio é sobre um dos maiores mistérios da história criminal dos EUA, o sequestrador que pulou de avião com resgate e nunca foi encontrado."
Quem eram as costureiras dos trajes que mantiveram os astronautas vivos no espaço,"As roupas que mantiveram os astronautas da Nasa vivos no espaço foram costuradas, um ponto meticuloso de cada vez, por uma talentosa equipe de costureiras especializadas."
Como é ter HIV e estar em apps de paquera: 'As pessoas dizem que eu não deveria fazer sexo',"Aled Osborne costuma dizer abertamente que tem HIV, mas quando usa aplicativos de relacionamento, como o Tinder, sua sinceridade se volta contra ele."
Os jovens que estão revolucionando o mercado dos funerais,"Conforme as sociedades envelhecem, a morte será cada vez mais um segmento de mercado atraente. Algumas startups já perceberam isso e estão se aventurando em um setor tradicionalmente conservador."
'Devíamos contratar uma criança para ajudar': a confusão causada pelo Pokémon Go entre militares do Canadá,"Mais de três anos após lançamento do jogo e solicitação de acesso a informação por emissora canadense, foram divulgadas 500 páginas de documentos registrando reação de militares a jogadores invasores em suas bases."
"Sirius, maior acelerador de partículas do Brasil, revela primeiras imagens","Primeiro teste, com uma rocha e o coração de um camundongo, foi realizado a uma potência 13 mil vezes menor do que a projetada para a máquina."
Rússia anuncia sucesso em teste de internet 'desplugada' do resto do mundo,País faz parte de um grupo crescente de nações insatisfeitas com a rede global e que buscam criar uma alternativa nacional que permita controlar o tráfego de dados em suas fronteiras.
"O que leva Apple, Google, Tesla e outras empresas a serem acusadas de lucrar com trabalho infantil na África","Unicef estima que existam aproximadamente 40 mil crianças trabalhando em minas de cobalto no sul da República Democrática do Congo, que produz 60% da oferta mundial do minério."
O perigo mortal das baterias de brinquedos que podem ser engolidas por crianças,"Se ingeridos, produtos liberam ácidos que podem queimar e sufocar os pequenos, alertam os médicos. Segundo a Academia Americana de Pediatria, 2,5 mil crianças engolem estas baterias a cada ano nos Estados Unidos."
2020 quebrará 'maldição' dos celulares dobráveis?,"A Motorola atrasou o lançamento de seu aparelho com tela dobrável Razr, que deveria chegar às lojas dos Estados Unidos em 26 de dezembro."
Food porn: os segredos dos vídeos virais de comida,"Sucesso nas redes sociais, esses vídeos apresentam receitas demasiadamente suculentas, elaboradas para chocar ou deixá-lo com água na boca."
A tecnologia que permite carregar seu celular em 5 minutos,"Startup israelense StoreDot promete trazer novidade ao mercado no segundo semestre de 2020; além disso, tecnologia pode beneficiar indústria de motos e carros elétricos."
Por que esta década já mudou o cinema para sempre,"Na primeira série da BBC Culture que revisa a década nas artes e na cultura, o jornalista Nicholas Barber relembra os principais momentos do cinema dos últimos 10 anos."
Como as 'camisinhas' de USB podem proteger sua privacidade,"Não são de látex, mas são tão eficientes quanto; bloqueadores protegem seus dados na hora de recarregar o celular em espaços públicos."
Dormir na rua e pedalar 12 horas por dia: a rotina dos entregadores de aplicativos,"Na última semana, a BBC News Brasil conversou com dezenas de trabalhadores do setor em São Paulo: eles relataram fazer longas jornadas, dormir em praças e ganhar cerca de R$ 2 mil por mês."
"BolaWrap, o aparelho que policiais de Los Angeles usarão para ‘laçar’ suspeitos","A polícia diz que a ferramenta, que lança uma corda contra o alvo para imobilizá-lo, pode ser um recurso valioso para deter pessoas sem uso da força."
Starliner: o motivo pelo qual a cápsula para astronautas da Boeing terá de voltar à Terra,Demonstração da cápsula foi interrompida devido a problemas técnicos;
Mac Pro: O que tem o novo computador da Apple que custa US$ 65 mil,"A Apple colocou à venda seu computador top de linha, cuja configuração básica custa US$ 6 mil — mas se você optar pela configuração mais avançada, preço pode ser 10 vezes maior."
Trump x Bezos: O que está por trás da briga bilionária entre o presidente dos EUA e o dono da Amazon,"Depois que a concorrente Microsoft venceu uma licitação do governo americano, a Amazon apresentou queixa argumentando que foi desfavorecida por Donald Trump que tria considerado seu dono um inimigo."
Por que advogados querem exumar corpo de fundador de bolsa de criptomoedas que morreu 'misteriosamente',"Advogados de usuários da bolsa Quadriga dizem que há 'circunstâncias questionáveis' por trás da morte de Gerald Cotten. Ele era a única pessoa que tinha senhas para carteiras digitais da QuadrigaCX, que acabou falindo sem remunerar seus clientes."
'Rainha da criptomoeda': a mulher que enganou milhares de investidores e depois desapareceu,"Ruja Ignatova faturou pelo menos 4 bilhões de libras esterlinas com a OneCoin, uma falsa criptomoeda, deixando uma legião de pessoas falidas pelo mundo; seu paradeiro ainda é desconhecido."
Os hackers que ganham milhões (legalmente),"Alguns dos especialistas em encontrar falhas na segurança de grandes empresas como o Facebook podem ganhar mais de R$ 1,5 milhão por ano."
"A pouco conhecida história de como Mary Maxwell, mãe de Bill Gates, ajudou a Microsoft a decolar","Além de ser mãe de um dos homens mais ricos do mundo, Mary Maxwell era uma influente mulher de negócios de Seattle. Por que seu papel foi fundamental na decolagem da Microsoft e no relacionamento de Bill Gates com Warren Buffett?"
Prisão injusta de funcionário por 251 dias constrange Huawei na China,A multinacional foi amplamente criticada por ter acusado um de seus empregados de extorsão sem ter evidências suficientes de que ele havia cometido o crime.
O que é o QA e por que ele pode ser mais importante que o QI no mercado de trabalho,"Conforme muda o mercado de trabalho, é suficiente ser inteligente? Conheça um novo adjetivo desejável para o sucesso na carreira: a habilidade de se adaptar."
"Caminhonete ‘indestrutível’ da Tesla, de Elon Musk, é danificada no lançamento","Elon Musk viu seu mais novo carro elétrico, que vai custar até 70 mil dólares, ter o vidro quebrado no palco no evento de lançamento — ele mostrava o quão resistente (ou não) é o Cybertruck."
"Como é o WT:Social, a rede social ‘anti-Facebook’ sem anúncios nem fake news criada pelo fundador da Wikipedia","Jimmy Wales diz que sua nova rede social, WT: Social, já tem mais de 200 mil usuários. Como funciona e qual é o modelo de negócios em que se baseia?"
'Só nos vemos na garagem': as famílias que dividem o carro para trabalhar 24h por dia em apps de transporte,"Ao mesmo tempo que fazem jornadas exaustivas, como virar o fim de semana trabalhando sem parar, as famílias contam que os aplicativos têm ajudado a pagar as contas em um momento de desemprego alto e crise econômica."
Vacas russas ganham visor de realidade virtual para reduzir ansiedade e dar mais leite,"Em experimento acompanhado pelo Ministério da Agricultura, animais passaram a ver imagens de pasto 'verde e tranquilo' para estimular produção de leite."
Como dormir melhor (e em menos tempo),Você já ouviu falar nas técnicas de 'otimização do sono'? Existe todo um novo segmento de mercado investindo nisso.
"O que é energia escura, um dos grandes mistérios do Universo","Os astrônomos agora têm um novo e poderoso instrumento para estudar essa energia escura, elemento que constitui a maior parte do universo."
O mistério das contas da Netflix canceladas que são reativadas sem os donos saberem,Um programa de rádio da BBC mostrou que alguns antigos usuários da Netflix ainda estão recebendo contas de assinatura do serviço de streaming meses após o cancelamento do serviço.
"1 em cada 4 jovens está viciado em celular, aponta estudo britânico","Um estudo, realizado por pesquisadores do King's College de Londres, afirma que esse comportamento viciante significa que as pessoas ficam 'em pânico' ou 'chateadas' se lhes for negado acesso constante."
O misterioso assassinato de 1991 que a polícia holandesa busca esclarecer com ajuda de podcast,Polícia holandesa lançou podcast sobre caso de homem encontrado morto enrolado em um cobertor elétrico em 1991.
Por que o serviço de cartão de crédito da Apple está sendo acusado de sexismo,"Usuários têm relatado que mulheres estão recebendo limites de crédito menores que os dos homens, e algoritmo usado está sendo investigado por uma agência reguladora."
O que aconteceria no mundo se o GPS parasse de funcionar,"Apesar de dependermos do sistema, não há plano universal para lidar com possíveis interferências no GPS."
Bill Gates exibe pote de cocô em evento para demonstrar nova tecnologia sanitária,"O pote de fezes, alertou Gates, poderia conter 'nada menos que 200 trilhões de rotavírus, 20 bilhões de bactéria Shigella e 100 mil ovos de vermes parasitas'. Banheiros inteligentes podem evitar propagação de doenças em locais sem saneamento básico."
O homem que 'virou político'’ para poder espalhar fake news no Facebook,Ativista decidiu se registrar como candidato ao governo da Califórnia apenas para confrontar a forma como a gigante da tecnologia veicula anúncios
Vício em celular chega a consultórios e já preocupa médicos no Brasil,"""Uso abusivo"" é identificado em todas as idades e tem sido gatilho para depressão e outros transtornos. Tratamentos de ""detox"" incluem terapia e técnicas que chamam atenção para prazeres da vida real."
"Blade Runner: 7 previsões para 2019 que o filme acertou, errou ou se antecipou","Na adaptação de Ridley Scott, Rick Deckard atua como um policial designado para caçar e matar os androides conhecidos como replicantes."
Como os algoritmos dos apps de paquera tentam prever pares perfeitos,"O que cientistas fazem se querem pesquisar indicadores preditivos de atração? Desenvolvem o seu próprio; veja o que a ciência descobriu sobre os princípios que regem apps como Tinder, eHarmony e Match.com."
"O que é a parentalidade positiva, corrente que defende a criação 'firme e gentil' das crianças","Educadores listam estratégias para educar filhos com base no afeto, sem cair no autoritarismo nem na permissividade e com base em evidências sobre o cérebro humano."
Veja quais são os golpes mais comuns no WhatsApp e como se proteger,"Uma das principais precauções é configurar a autenticação em duas etapas, mas há uma maneira ainda mais eficaz."
'A selfie que revelou que fui roubada quando bebê',"Aos 17 anos, Miché Solomon descobriu que tinha duas mães – uma verdadeira e outra falsa."
'Não me sinto mais seguro': vítima de hacker pelo WhatsApp conta como ligação misteriosa iniciou ataque,Faustin Rukundo não fazia ideia de que a ligação de um número desconhecido pelo aplicativo havia infectado seu telefone com um software espião.
Empregadas à venda: os apps usados em mercado online de escravos,Uma investigação da BBC News em árabe revela como mulheres estão sendo comprados e vendidos pela internet no Oriente Médio em um mercado em expansão que envolve programas hospedados nas lojas do Google e da Apple e conteúdo publicado no Instagram.
'A vida de influencer me levou à exaustão',"O estilo de vida do influenciador pode parecer incrível, mas a renda incerta, a exposição e a o trabalho de buscar patrocínio podem acabar pesando. Conheça as pessoas que viraram as costas para essa carreira."
'Stalkerware': o software que espiona seu parceiro cada vez mais usado no Brasil,"Programa é instalado em celular, permanece oculto e permite que outra pessoa acesse mensagens, câmera e rastreie localizações; empresa de segurança detectou aumento de 35% de seu uso em 2018."
"‘Meu marido apertou minha mão para dizer que queria viver, então descobri um jeito de salvá-lo’","Quando Tom Patterson contraiu superbactéria, sua mulher, Steffanie, teve que correr contra o tempo para descobrir como curá-lo."
"'Ninguém entendeu nossa ideia no início, mas agora ela vale mais de US$ 1 bilhão'","A empresa de Howie Liu, AirTable, quer fazer planilhas tão simples que qualquer pessoa possa usá-las."
Como a inteligência artificial poderia acabar com a Humanidade - por acidente,"Não são os robôs que desenvolvem a consciência que podem ameaçar a nossa existência, diz um pesquisador, mas os aqueles que são competentes demais para realizar as tarefas que pedimos."
Como a invenção do laser gerou um conflito que durou 30 anos,"Tudo começou com uma sugestão de Albert Einstein em uma pesquisa de 1917, quando o cientista criou as bases para produzir o raio de luz."
Por que o novo filme do ‘Exterminador do Futuro’ está irritando pesquisadores de inteligência artificial,"Na vida real, há de fato uma série de riscos associados à inteligência artificial — mas não da forma como mostra o novo filme da franquia."
O que é a 'supremacia quântica' que o Google diz ter alcançado,Empresa afirma que seu processador quântico foi capaz de executar em 200 segundos uma tarefa que os melhores supercomputadores do mundo levariam 10 mil anos para concluir.
Por que celular com câmera de mais megapixels não significa fotos melhores,Celulares com quantidades enormes de megapixels realmente fazem fotos melhores? Ou isso é mais uma questão de marketing?
Como a corrida mundial pelo processamento de dados pode 'colonizar' o Brasil e outros países?,"Há risco de subordinação frente às superplataformas chinesas e americanas que exploram dados 'brutos' e os revendem 'processados', aponta novo relatório da ONU."
A nova função da Netflix que revolta cineastas,Plataforma começou a testar ferramenta que permite a usuários ver filmes e séries em ritmo mais acelerado ou mais lento que o normal.
O incrível lago artificial para surfistas que pode produzir até mil ondas por hora,Os criadores do complexo dizem que ele funciona 100% com energia renovável.
A batalha para manter a internet grátis e aberta a todos,"Conectar o mundo é algo visto como uma missão humanitária para alguns, mas garantir uma rede acessível a qualquer pessoa é um desafio mais difícil de resolver."
"Sem apoio, pesquisa que pode resolver problema mundial das superbactérias trava no Brasil","Cientistas desenvolveram remédio 'teleguiado' com nanotecnologia para combater bactérias resistentes, mas não conseguem tirá-lo do papel por falta de recursos."
A pré-história da internet – e a palavra bíblica que deu seu pontapé inicial,"Uma agência federal americana em risco, alguns pioneiros com ideiais, 'pequenas caixas pretas'... E, finalmente, um extraordinário êxito."
Nova técnica de edição de DNA poderá curar até '89% das doenças genéticas' no futuro,Nova tecnologia — chamada 'prime editing' — é descrita como 'editor de texto genético' capaz de reescrever o DNA de forma precisa.
Exclusivo: Por dentro de uma 'clínica secreta' de aborto no WhatsApp,Investigação de cinco meses revela venda de medicamentos abortivos e situação de mulheres que recorrem à prática.
Como se proteger de bug do WhatsApp que pode deixar celular Android vulnerável a hackers,"Uma falha de segurança torna mais fácil para hackers gravar vídeos ou áudios, ler mensagens e roubar arquivos do nosso dispositivo."
A nave espacial criada para fotografar e filmar o Sol de 'perto',"Com previsão de lançamento para 2020, a sonda Solar Orbiter, ou SolO, é equipada com poderoso escudo de titânio e sistema de radiadores para resistir a altíssimas temperaturas e possíveis efeitos de erupções solares."
6 cuidados antes de presentear seu filho com um celular,"Qual a idade adequada para dar um smartphone às crianças? Especialistas propõem reflexões para os pais que estão tendo essa discussão em casa, com filhos cada vez mais precocemente conectados."
A corrida para lançar o primeiro táxi elétrico voador,"Mais de cem empresas estão trabalhando em aeronaves elétricas projetadas para entrar e sair das cidades pelo ar; porém, serviço ainda deve demorar um pouco."
Câmera térmica de atração turística revela câncer de mama em visitante,"Uma mulher visitava uma atração turística de Edimburgo, na Escócia, quando notou um ponto de calor em seu seio esquerdo. Ela se consultou depois com um médico, que confirmou um tumor em estágio inicial."
"Como é o ‘Museu da Selfie’, que abriu as portas em Viena","Espaço não tem obras artísticas, mas foi criado para chamar os jovens conectados a redes sociais a ""fazerem parte da arte""."
O pouco conhecido impacto negativo da energia eólica no Nordeste,"Fonte de energia requer planejamento para minimizar danos ambientais, dizem especialistas; ainda assim, matriz traz vantagens em relação a combustíveis fósseis."
O que a tecnologia Bluetooth tem a ver com um rei viking do século 10,"Essa avançada ferramenta de conexão provavelmente está em diversos de seus aparelhos eletrônicos, mas você sabe por que ela significa 'dente azul' em inglês?"
"De onde surgiu a ideia de desmembrar o Facebook, que fez Mark Zuckerberg ameaçar ir 'à luta'?","Gravações vazadas revelam as opiniões de Mark Zuckerberg sobre um possível desmembramento do Facebook, prometida por Elizabeth Warren, pré-candidata democrata à Presidência dos Estados Unidos."
3 dicas para aumentar sua velocidade ao digitar no celular,Quantas palavras por minuto você consegue escrever na tela do smartphone? Um estudo analisou o desempenho de milhares de pessoas e identificou aspectos que nos tornam mais rápidos nessa prática.
Descarte de cascas e polpas de laranja cria 'milagre verde' e recupera floresta tropical,"Em meados dos anos 90, mais de mil caminhões despejaram 12 mil toneladas de resíduos de laranja em pastagens áridas na Reserva Guanacaste, na Costa Rica; descarte 'nutritivo' atraiu moscas e acelerou a recuperação da área."
Tetraplégico move braços e pernas após 4 anos com equipamento controlado pela mente,"Thibault, 30, disse que seus primeiros passos no equipamento o fizeram se sentir como o 'primeiro homem na Lua'."
"Pager, fax, cheque: Os objetos obsoletos que ainda estão sendo usados pelo mundo","Anúncio, no Japão, de fim dos 'bipes' nos fez pesquisar outras tecnologias que, embora em pequena escala, mantém-se em uso."
"Da concorrência ao consumidor, os impactos da ofensiva da gigante Amazon no mercado brasileiro",Dois movimentos estratégicos relevantes da gigante americana podem inaugurar uma nova fase no mercado brasileiro; principais concorrentes no país viram suas ações despencarem.
O que revela a incomum lista de compras de Galileu em 1609 que revolucionou a ciência,"No começo do século 17, o inventor saiu para fazer compras com uma lista que ele escreveu na parte de trás de uma carta. O que isso revela?"
Google: 10 coisas que talvez você não saiba sobre o buscador,"Iniciada como projeto universitário de pesquisa, empresa se tornou gigante da tecnologia e domina 90% do mercado de buscadores."
"De Uber a Nubank: as empresas que valem bilhões, mas nunca registraram lucro","Elas atuam nos mais diferentes setores, mas têm, em geral, duas características em comum: uma premissa inovadora e injeção generosa de capital de investidores que acreditam que a ideia pode dar certo."
"Victor Vescovo, o 1º explorador a visitar os pontos mais profundos de todos os oceanos","Seu último destino foi a Fossa de Molloy, no Oceano Ártico, onde nenhum homem havia estado antes."
"Sem terras nem mão de obra, Japão revoluciona agricultura com robôs, polímeros e drones","Agrotecnologia tem aumentado a precisão no controle da lavoura e permitido plantações que dispensem o uso de terra e reduzam o uso de água, inclusive com projetos no Brasil."
O que são os esqueumorfos e por que estão em toda parte,"Os esqueuomorfos são relíquias que continuam a ser usadas, muitas vezes para facilitar nossas vidas, mesmo que as novas tecnologias as tenham jogado para o passado."
É possível ser anônimo na era da internet?,"Há leis de proteção de dados e empresas que já vendem serviços para ""apagar"" rastros online."
3 truques simples para proteger sua privacidade ao usar o WhatsApp no trabalho,Há maneiras de ocultar ou deixar menos visíveis conversas que você tem na versão para computadores do aplicativo.
"Após 65 anos, matemáticos finalmente solucionam 'enigma da soma dos três cubos'","Existem três números ao cubo cuja soma seja 42? Depois de mais de seis décadas sem solução, o enigma que intrigava matemáticos e entusiastas da teoria dos números por fim terminou"
Mega-robôs russos: avanço tecnológico ou ‘Frankenstein’ de sucata?,"Artefatos de inteligência artificial russos costumam receber grande atenção da imprensa estatal local, apesar de suas habilidades duvidáveis. Um dos robôs era, na verdade, um homem fantasiado."
Por que pessoas com tripofobia estão revoltadas com o novo iPhone 11 Pro,Pessoas com 'tripofobia' estão reclamando dos mais recentes aparelhos da Apple.
O espião israelense que se infiltrou no governo sírio e inspira nova série na Netflix,"Como agente secreto do Mossad, o serviço de inteligência de Israel, Eli Cohen conseguiu a proeza de angariar informações valiosas sobre a Síria - até ser flagrado em operação e executado."
Homem morto há 22 anos é encontrado com ajuda do Google Earth,William Moldt desapareceu na Flórida em circunstâncias misteriosas no ano de 1997.
Headspace: o ex-monge budista que criou empresa de meditação de US$ 100 milhões  ,"Andy Puddicombe, a voz do aplicativo Headspace, se juntou a Richard Pierson, um de seus clientes, para abrir negócio milionário."
Focus Mode: nova ferramenta do Google desativa por um tempo os apps que mais te distraem,"O novo sistema operacional do Google, o Android 10, vem com a ferramenta que pode ajudar você a se concentrar em uma tarefa ou controlar seu vício em determinados aplicativos."
O serviço do Google que mostra se sua senha foi hackeada,Extensão para o Chrome - que também pode ser usada no Android - verifica se as senhas que você usa vazaram em algum momento.
Robôs devem ter aparência humana ou não?,Estudiosos e desenvolvedores de inteligência artificial discutem riscos e vantagens de criarmos robôs cada vez mais 'humanos'.
Brasil é 'vice' em tempo gasto em redes em ranking dominado por 'emergentes',"Uma nova pesquisa que abrange 45 países aponta que usuários estão gastando menos tempo nas mídias sociais em quase metade deles. Mas quais regiões do mundo são as mais ""ligadas"" a seus aparelhos?"
A tecnologia espiã da Guerra Fria infiltrada em cartões de crédito e passaportes,"Identificação por radiofrequência, usada originalmente para grampear embaixada dos EUA em Moscou nos anos 1940, é um jeito barato de rastrear objetos e dados"
'Quero que lojas parem de faturar com minha foto que virou meme',Imagem da carioca Fabiana Santoro quando criança viralizou na internet em 2015 e hoje está sendo usada como estampa de roupas.
"Fraudes no Telegram usam dados de milhões de brasileiros para vender cartões de crédito, 'gatoflix' e 4G infinito","Milhares de pessoas são bombardeadas o dia inteiro por ofertas tentadoras - e ilegais - como essas em grupos e canais do aplicativo de mensagens Telegram. Comunidades brasileiras chegam a reunir mais de 20 mil pessoas, numa espécie de 'feira do rolo' virtual gigante."
O desenho secreto encontrado sob uma das obras-primas de Leonardo Da Vinci ,"A National Gallery diz que as descobertas dão ""uma nova visão"" sobre a mente criativa do artista."
Amazônia eleva meio ambiente a prioridade nas redes,"Política ambiental do Brasil teve mais de 8 milhões de menções em língua portuguesa até a manhã do dia 26 de agosto, segundo pesquisa da FGV, dando protagonismo inédito a esse debate no âmbito das redes sociais."
What3words: como um aplicativo usa três palavras para salvar vidas,"Polícia britânica recomenda que todo mundo instale no celular esse aplicativo gratuito, disponível também no Brasil, que oferece localização geográfica precisa e já salvou diversas vidas."
A difícil rotina dos moderadores da internet: 'Já vi vídeos de canibalismo',O Facebook contrata atualmente cerca de 30 mil funcionários terceirizados para monitorar conteúdo publicado na rede social em todo o mundo.
A bateria do seu celular pode estar deixando pessoas sem água no Atacama,"Lítio é extraído no Chile para produzir baterias, mas a que custo para o meio ambiente e as comunidades locais?"
Google denuncia 'ação organizada' de hackers contra iPhones que durou dois anos,"Criminosos utilizaram brechas até então desconhecidas para instalar software que roubava dados pessoais, mostra estudo."
A influencer do Instagram acusada de forjar acidente de moto para postar fotos,"Tiffany Mitchell, que tem 216 mil seguidores, se viu obrigada a negar que um de seus posts foi pré-fabricado para promover uma marca."
É grosseiro usar ponto final nas mensagens do WhatsApp?,"No mundo das mensagens instantâneas, onde o 'normal' é usar o mínimo necessários de caracteres, qualquer símbolo adicional pode dar origem a uma interpretação diferente."
Você tem contas na Microsoft que usa pouco? Saiba por que é bom ativá-las até 30 de agosto,Empresa anunciou que fechará contas que estão inativas há mais de dois anos; saiba no que ficar de olho para evitar surpresas ruins.
"Como manifestantes de Hong Kong usam Tinder, Uber e Pokémon Go para organizar protestos e fugir da polícia","Desde junho, região autônoma chinesa vive onda de protestos em que seus jovens participantes recorrem a fóruns online e aplicativos para organizar comícios e escapar da repressão."
Os milhares de trabalhadores mal pagos que permitem que você se divirta e consuma na internet,"Chamados 'microtrabalhadores', eles são pagos para executar tarefas que as máquinas não conseguem desempenhar sozinhas."
5 truques para tirar o máximo proveito do Google Docs,Você sabia que não precisa estar conectado à internet para editar um documento? Ou que pode usá-lo como ferramenta de transcrição de áudios?
Mãe de adolescentes alerta para perigos de extremismo online nos EUA,Especialistas alertam para os sinais que podem indicar que os jovens estão tendo contato com ideologias que estimulam a violência - e o que fazer nesses casos.
Quanto custam as peças do iPhone (em comparação com o preço final do celular),"A tela, os componentes eletromecânicos e a câmera são as três peças mais caras para fabricar o dispositivo."
Os chips que podem revolucionar a pesquisa médica e diminuir uso de animais de laboratório,"A tecnologia substituirá os seres vivos, reduzindo a necessidade de animais de laboratório, inspirando curas para doenças raras e oferecendo até uma forma de ressuscitar espécies em extinção."
"Redes sociais não fazem mal, desde que não substituam atividades mais saudáveis, diz estudo",Pesquisa entrevistou milhares de adolescentes em escolas inglesas e também revelou que meninas são mais vulneráveis a 'cyberbullying'
O acidente espacial que espalhou milhares de animais microscópicos da Terra na Lua,Acredita-se que os pequenos animais chamados tardígrados sobreviveram a um pouso forçado na Lua.
"8chan: quem é Fredrick Brennan, criador arrependido do fórum de ódio frequentado por autor do massacre de El Paso","Programador de 25 anos lançou a plataforma em 2013, mas se desvinculou da mesma há três anos."
"Falha no WhatsApp permite que 'coloquem palavras na sua boca', alertam especialistas em cibersegurança","Ferramenta pode ser usada para alterar o texto dentro de mensagens citadas, fazendo com que pareça que uma pessoa disse algo que não falou."
Google descobre 6 maneiras de se hackear um iPhone,Equipe especializada em rastrear possíveis falhas de segurança identificou brechas no código do dispositivo da Apple que podem ser explorados para fins maliciosos.
Como assistiremos a filmes daqui a 20 anos?,"As tecnologias de realidade virtual e realidade aumentada expandirão o alcance do filme tradicional, dizem especialistas; espectadores poderão escolher entre assistir a momentos e depois vivenciá-los."
"Fugas, armas, prostitutas e milhões de dólares: a inacreditável vida de John McAfee, pioneiro dos antivírus","Como o homem que popularizou antivírus fugiu dos EUA após sonegar impostos, arrumou problemas em diversos países e aparece armado enquanto se candidata à presidência dos EUA"
"DiDi, o app chinês que quer superar o Uber no Brasil","Com uma estratégia agressiva de preços e novos benefícios para os motoristas, a empresa chinesa quer ser líder em transporte de passageiros na América Latina."
A blogueira chinesa cujo 'segredo da beleza' foi descoberto em transmissão ao vivo,"Problema na aplicação de filtro revelou que 'jovem bonita e sedutora' era, na verdade, uma mulher de meia-idade."
"Como a tecnologia 5G dificultará investigações criminais, segundo a União Europeia","As investigações podem ser dificultadas se a polícia não conseguir localizar criminosos através da nova rede que promete revolucoinar com acesso muito rápido à internet e conexões mais estáveis, alertou a diretora executiva da Europol, Catherine De Bolle"
O teste que analisa movimento dos olhos e revela quando mentimos,Método ConFace desenvolvido em universidade escocesa rastreia movimentos oculares enquanto pessoa observa imagens de rostos - e detecta se ela está mentindo ao negar reconhecer rosto conhecido.
A jovem pioneira que ensinou programação para milhares de pessoas na Etiópia,"A iniciativa de Betelhem Dessie ensinou 20 mil crianças a codificar, abrindo caminho para a próxima geração de inovadores na Etiópia"
6 coisas que você pode fazer com seu celular e que talvez não saiba,"Seu telefone serve para muito mais do que apenas papear no WhatsApp ou fazer chamadas. Neste artigo, contamos quais são alguns dos usos pouco conhecidos do seu aparelho."
A radiação da tecnologia 5G faz mal à saúde?,"A quinta geração de internet móvel entrou em operação recentemente em algumas cidades do Reino Unido, gerando questionamentos sobre supostos riscos da radiação."
Nasa encontra 'Disneylândia' da exploração de planetas fora do Sistema Solar,Grupo de três planetas foi achado por sonda da Nasa dedicada a buscar planetas fora do Sistema Solar.
O que é a síndrome de Kessler e por que ela preocupa a agência espacial russa,Roscosmos diz que teste recente de arma antissatélite realizado pela Índia aumentou em 5% o risco de impacto de lixo espacial com Estação Espacial Internacional.
Entenda por que a internet está se desintegrando,"A Rússia é mais recente país de um número crescente de nações que tentam encontrar maneiras de controlar suas fronteiras digitais, o que está levando a internet livre e aberta ao seu fim."
A polêmica sobre o vulcão no Havaí que pode ser chave para encontrar vida extraterrestre,"Os planos para construir um poderoso telescópio em um vulcão havaiano causaram disputas entre a população local, que acredita que a região é sagrada."
Como Fiji mudou para sempre a forma de se viajar,A pequena nação insular do Pacífico foi a primeira a incorporar o GPS em seu sistema de aviação.
'Meus filhos esvaziaram nossa conta bancária jogando Fifa',Pai admite que não tomou todas as precauções para limitar o acesso à sua conta - saiba como evitar que isso aconteça.
Por que 84 mil pesquisadores do CNPq podem ficar sem bolsa a partir de outubro,"João Luiz de Azevedo, presidente da agência, diz ter um déficit de R$ 330 milhões para pagar auxílio a estudantes e cientistas e espera que governo federal libere verba extra."
Apollo 11: A célebre sala de controle da missão que levou o homem à Lua pela primeira vez,A Nasa reformou esse espaço histórico usado para coordenar mais de 40 missões espaciais. A obra integrou as comemorações do aniversário de 50 anos da chegada do homem à Lua.
Quem me liga? Como ligações telefônicas de robôs se tornaram um problema mundial,Desenvolvimento de tecnologias como chamadas via internet e softwares abriram caminho para as 'robochamadas' ; Brasil está no topo do ranking de países que mais sofrem com este e outros tipos de comunicação 'spam'.
Senador americano pede investigação do FaceApp: quais são os riscos de usar o aplicativo de envelhecimento,"Filtro para editar foto que faz as pessoas se verem mais velhas viralizou com imagens curiosas e divertidas. Mas o uso desses aplicativos esconde um lado que as empresas não querem que você saiba, o de recolhimento de dados pessoas e do reconhecimento facial."
Alan Turing: Péssimas notas do boletim indicam que professores não suspeitavam que ele era um gênio,"Fraco em literatura inglesa, ainda pior em francês, grandiloquente em seus ensaios e desleixado quando se trata de anotar os resultados em seus exercícios de matemática. Este é o veredicto de seus professores, segundo um boletim de 1929."
CubeSat: Como um estranho bicho de pelúcia ajudou a revolucionar a indústria de satélites,"Professor da Universidade Stanford estava em uma loja quando se deparou com o bichinho de pelúcia Beanie Baby em sua embalagem. De volta à sala de aula, ele colocou a caixa do brinquedo sobre a mesa e disse aos alunos: 'Seus satélites precisam entrar nesta caixa'."
Homem na Lua: como astronautas das missões Apollo faziam necessidades básicas como comer e 'ir ao banheiro',Tripulação passou apertos - literalmente - para urinar e lidar com comidas não muito atraentes servidas em tubos.
Como a tecnologia pode nos ajudar a perder o sotaque ao falar línguas estrangeiras,Truque para perder sotaque carregado e imitar falantes nativos pode estar no re-treinamento do cérebro para ouvir novas frequências.
Os celulares em que o WhatsApp vai parar de funcionar nos próximos meses,"O aplicativo de mensagens mais usado do mundo deixará de estar disponível em alguns modelos iOS e Android em breve, segundo artigo atualizado no site da empresa; saiba se seu aparelho será afetado."
Por que criadores decidiram encerrar aplicativo que 'remove' roupas em fotos de mulheres,"Depois de ativista chamar app de 'apavorante', desenvolvedores decidiram remover software que criar falsos nus, dizendo que 'probabilidade de as pessoas usarem-no de forma indevida é muito alta'."
Como a energia elétrica se tornou o novo campo de batalha entre EUA e Rússia,"A importância das redes de eletricidade na vida moderna também as colocou na mira de possíveis ataques e disputas entre nações ""inimigas"". Há anos, hackers tentam invadir instalações dos EUA. E ao que parece, Washington não ficou de braços cruzados."
"Como Jeff Bezos largou emprego e usou dinheiro dos pais para apostar na Amazon, criada há 25 anos","Em 1994, o fundador e presidente da Amazon deixou um emprego seguro e bem remunerado em Wall Street para realizar seu sonho: com ajuda dos pais, ele fundou a Amazon;"
"Samsung, Huawei, Google ou Apple? Quais são as empresas que mais investem em inovação no mundo","Nem sempre é fácil medir a inovação, mas, quando se trata de grandes empresas, o investimento em pesquisa e desenvolvimento é um bom critério - e um relatório recente da União Europeia mostra as companhias campeãs neste quesito."
"Tudo o que você precisa saber sobre as usinas nucleares de Angra 1 e 2, e por que são diferentes de Chernobyl","A recém-lançada série de TV ""Chernobyl"", sobre um dos piores acidentes nucleares no mundo, na usina nuclear de mesmo nome, na Ucrânia Soviética, em 1986, fez alguns telespectadores brasileiros questionarem como é a produção de energia nuclear no Brasil, na Central Nuclear em Angra dos Reis (RJ)."
5 dicas simples para deixar seu smartphone mais rápido ,Desde excluir o que você não usa até repensar o papel de parede do aparelho. Essas dicas simples ajudam a melhorar o desempenho do seu smartphone.
Inteligência artificial: Por que as tecnologias de reconhecimento facial são tão contestadas,"As ferramentas de inteligência artificial são tão boas quanto o banco de dados que usam para funcionar, mas e se essas informações foram enviesadas?"
Instagram cria ferramenta antibullying que perguntará: 'Você tem certeza?',"Empresa usará inteligência artificial para identificar comentários abusivos antes de serem postados e enviar mensagem a autor; plataforma também testará recurso 'restringir', que permite que usuários filtrem comentários abusivos sem ter de bloquear ninguém."
Por que seu smartphone pode se tornar um espião dentro do seu bolso,"Imagine se hackers pudessem instalar remotamente programas em seu telefone para ter acesso a tudo - inclusive mensagens criptografadas - e até controlar o aparelho? Bem, isso não é tão difícil quanto parece."
As 'fazendas de cadáveres' onde corpos se decompõem ao ar livre,"Cemitérios forenses são lugares que desafiam vários dos ritos que os humanos têm em relação à morte. Esses lugares, onde os cadáveres são deixados ao ar livre por semanas ou meses, ajudam a solucionar crimes, embora alguns cientistas tenham críticas sobre eles."
Como será a próxima ida do homem à Lua planejada pela Nasa,O presidente americano Donald Trump quer que os EUA voltem à Lua em 2024 como parte de uma nova era de exploração espacial. Mas o que será necessário para chegar lá?
Os superdrones e robôs que vão até onde humanos não conseguem ir,Como são construídos os veículos automáticos que aguentam temperatura e pressão extremas?
'Vou te matar': a brincadeira que levou roteirista brasileiro a ser banido e ganhar processo contra o Twitter,"Plataformas usam inteligência artificial e seres humanos para classificar material violento, mas falsos positivos podem acontecer."
Como um computador barato foi usado para roubar dados da Nasa,"Controles frouxos de segurança permitiram que um hacker navegasse por quase um ano na rede da Nasa sem ser descoberto, diz relatório."
O problema matemático que pode paralisar a vida moderna,"Nossos atarefados estilos de vida dependem da alocação de recursos finitos para um número de pessoas em constante mudança. À medida que esse equilíbrio se torna mais e mais complicado, ele exigirá soluções para um enigma matemático pouco conhecido."
Por que a tecnologia 5G preocupa a Marinha dos EUA e os meteorologistas,"Para além das preocupações americanas com a espionagem chinesa, cientistas e militares temem que a rede 5G interfira, por exemplo, na previsão climática."
Estação Aurora: estamos mesmo próximos de ter um hotel no espaço?,Projeto pode se tornar o primeiro hotel no espaço. Mas quais são as reais chances de passarmos as férias em órbita ao redor da Terra?
Por que empresários como Bill Gates defendem a cobrança de impostos sobre robôs,Impacto do avanço da tecnologia sobre mercado de trabalho e possibilidade de desemprego em massa têm levado políticos e empresários a defender que Estado intervenha para evitar o pior; quais os argumentos contra e a favor nesse debate?
Por que a Samsung foi processada por propaganda enganosa na Austrália,"Segundo órgão de proteção ao consumidor australiano, telefones não são resistentes à água salgada ou a de piscinas, ao contrário do que foi divulgado por gigante de tecnologia sul-coreana."
Dopey: o podcast de ex-dependentes de heroína que atrai milhões de ouvintes,"Abordagem mais franca da questão é apontada como diferencial do programa que, no auge do sucesso, perdeu um dos criadores - morto por overdose"
Como a tecnologia pode evitar que você consuma alimentos contaminados,Nova tecnologia vai expor informações sobre a cadeia global de alimentos - dados que hoje são impossíveis de um consumidor acessar.
